id,imageFileName
2,MWO_Annihilator.webp
3,MWO_Archer.webp
4,MWO_Arctic_Cheetah.webp
5,MWO_Arctic_Wolf.webp
6,MWO_Assassin.webp
7,MWO_Atlas.webp
8,MWO_Awesome.webp
10,MWO_Battlemaster.webp
11,MWO_Black_Knight.webp
12,MWO_Black_Lanner.webp
13,MWO_Blood_Asp.webp
14,MWO_Bushwacker.webp
15,MWO_Champion.webp
16,MWO_Charger.webp
17,MWO_Cougar.webp
19,MWO_Crusader.webp
20,MWO_Cyclops.webp
21,MWO_Dervish.webp
23,MWO_Ebon_Jaguar.webp
24,MWO_Executioner.webp
25,MWO_Fafnir.webp
26,MWO_Flea.webp
27,MWO_Griffin.webp
28,MWO_Hatamoto-Chi.webp
29,MWO_Hellbringer.webp
30,MWO_Hellfire.webp
31,MWO_Hellspawn.webp
32,MWO_Highlander_IIC_Art.webp
33,MWO_Hunchback_IIC_Art.webp
34,MWO_Huntsman.webp
35,MWO_Incubus.webp
36,MWO_Javelin.webp
37,MWO_Jenner-IIC_Art.webp
39,MWO_Kintaro.webp
41,MWO_Kodiak.webp
42,MWO_Linebacker.webp
44,MWO_Longbow.webp
45,MWO_Mad_Cat_MkII.webp
46,MWO_Mad_Dog.webp
47,MWO_Marauder_II.webp
47,MWO_Marauder_IIC.webp
48,MWO_Marauder.webp
49,MWO_Mauler.webp
50,MWO_Night_Gyr.webp
51,MWO_Nightstar.webp
52,MWO_Nova_Cat.webp
54,MWO_Orion_IIC_Art.webp
55,MWO_Osiris.webp
56,MWO_Phoenix_Hawk.webp
57,MWO_Piranha.webp
58,MWO_Raven.webp
59,MWO_Rifleman_IIC.webp
60,MWO_Rifleman.webp
62,MWO_Shadow_Cat.webp
64,MWO_Stalker.webp
65,MWO_Stormcrow.webp
66,MWO_Summoner.webp
67,MWO_Supernova.webp
68,MWO_Thanatos.webp
70,MWO_Timber_Wolf.webp
72,MWO_Uziel.webp
73,MWO_Vapor_Eagle.webp
74,MWO_Victor.webp
75,MWO_Vindicator.webp
76,MWO_Viper.webp
77,MWO_Vulcan.webp
80,MWO_Warhammer_IIC.webp
81,MWO_Warhammer.webp
82,MWO_Warhawk.webp
83,MWO_Wolfhound.webp